CONTACTLASTNAME,CONTACTFIRSTNAME,TotalSales,DealsClosed
Freyre,Diego,912294.1100000002,259
Nelson,Valarie,654858.06,180
Ferguson,Peter,200995.40999999997,55
Young,Jeff,197736.93999999997,48
Labrune,Janine,180124.9,53
Natividad,Eric,172989.68000000008,43
Yu,Kwai,164069.44000000003,49
Frick,Sue,160010.26999999996,40
Ashworth,Victoria,157807.80999999997,51
O'Hara,Anna,153996.13000000003,46
Huxley,Adrian,151570.98000000004,46
Pipps,Georg,149798.63,40
Petersen,Jytte,145041.6,36
Saveley,Mary,142874.25000000003,41
Moroni,Maurizio,142601.33000000002,39
Rovelli,Giovanni,137955.72000000003,48
Henriot,Paul,135042.94,41
Larsson,Maria,134259.33000000002,38
Young,Valarie,131685.30000000002,34
Yu,Kyung,122138.14000000001,31
Hirano,Juri,120783.07,34
Sommer,Mart¡n,120615.28,32
Shimamura,Akiko,120562.73999999996,32
Devon,Elizabeth,118008.26999999999,29
Holz,Michael,117713.55999999998,31
Bergulfsen,Jonas,116599.19,32
Victorino,Wendy,115498.73000000001,36
Suominen,Kalle,113961.14999999997,30
Oeztan,Veysel,111640.28,29
Karttunen,Matti,111250.37999999996,30
Tam,Wing C,108951.13,35
Young,Julie,104561.95999999998,30
Koskitalo,Pirkko,104370.38,32
Hernandez,Marta,103080.37999999999,27
King,Julie,101894.79000000001,25
Ibsen,Palle,100595.54999999999,27
Pfalzheim,Henriette,100306.58,26
Benitez,Violeta,98923.73000000003,26
Bertrand,Marie,97203.68000000001,23
Accorti,Paolo,94117.26000000002,26
Cruz,Arnold,94015.73,26
Perrier,Dominique,93170.65999999999,27
Brown,Ann,88804.5,26
Frick,Michael,88041.26000000001,25
Thompson,Valarie,87489.22999999998,25
Frick,Steve,85555.98999999998,26
Keitel,Roland,85171.58999999998,22
Hernandez,Rosa,83682.16,23
Brown,William,83228.19,21
Yoshido,Juri,83209.88,26
King,Sue,82751.08000000002,29
Nelson,Allen,81577.98,24
Citeaux,Frederique,80438.48,19
Murphy,Leslie,79472.07,17
Klaeboe,Jan,79224.23,24
Da Cunha,Daniel,78570.34000000001,20
Saavedra,Eduardo,78411.86000000002,23
Bennett,Helen,78240.83999999998,26
Hernandez,Maria,77795.2,20
Berglund,Christina,75754.88,19
Tannamuri,Yoshi,75238.92,22
Dewey,Catherine,74972.52,25
Lebihan,Laurence,74936.14,25
Lincoln,Elizabeth,74634.84999999999,26
Fresnisre,Jean,74204.79,22
Franco,Valarie,70859.78,18
Roulet,Annette,70488.44,20
Rance,Martine,69052.41,20
Kentary,Mory,67605.07,20
Cervantes,Francisca,67506.96999999999,21
Tonini,Daniel,64834.32000000001,18
Connery,Sean,64591.46000000001,23
Calaghan,Tony,59469.11999999999,15
Cassidy,Dean,57756.43,16
Lewis,Dan,57294.420000000006,19
Barajas,Miguel,57197.95999999999,15
Roel,Jose Pedro,54723.62,15
Mendel,Roland,52263.899999999994,15
Taylor,Sue,50218.51000000001,15
Fernandez,Jesus,49642.05,13
Thompson,Steve,46084.63999999999,13
Tseng,Kyung,36163.619999999995,11
Hardy,Thomas,36019.04,12
Donnermeyer,Michael,34993.92,14
Cartrain,Pascale,33440.1,8
Kuo,Kee,33144.93000000001,10
Taylor,Leslie,26479.260000000002,8
Schmitt,Carine,24179.96,7
Young,Leslie,9129.349999999999,3
