CITY,COUNTRY,TotalSales
Madrid,Spain,1082551.4400000002
San Rafael,USA,654858.06
NYC,USA,560787.7699999998
Singapore,Singapore,288488.41000000003
Paris,France,268944.68
New Bedford,USA,207874.86
Nantes,France,204304.86
Melbourne,Australia,200995.40999999997
Brickhaven,USA,165255.20000000004
San Jose,USA,160010.26999999996
Manchester,UK,157807.80999999997
Boston,USA,154069.65999999997
North Sydney,Australia,153996.13000000003
Chatswood,Australia,151570.98000000004
Philadelphia,USA,151189.12999999998
Salzburg,Austria,149798.63
Kobenhavn,Denmark,145041.6
Lyon,France,142874.25000000003
Reggio Emilia,Italy,142601.33000000002
Cambridge,USA,139243.99999999994
Bergamo,Italy,137955.72000000003
Reims,France,135042.94
Boras,Sweden,134259.33000000002
Nashua,USA,131685.30000000002
London,UK,124823.54
Allentown,USA,122138.14000000001
Burlingame,USA,120783.07
Minato-ku,Japan,120562.73999999996
Liverpool,UK,118008.26999999999
Gensve,Switzerland,117713.55999999998
Stavern,Norway,116599.19
Espoo,Finland,113961.14999999997
Bergen,Norway,111640.28
Helsinki,Finland,111250.37999999996
Pasadena,USA,104561.95999999998
Oulu,Finland,104370.38
Bridgewater,USA,101894.79000000001
Aaarhus,Denmark,100595.54999999999
Koln,Germany,100306.58
Torino,Italy,94117.26000000002
Makati City,Philippines,94015.73
San Diego,USA,87489.22999999998
White Plains,USA,85555.98999999998
Frankfurt,Germany,85171.58999999998
Newark,USA,83228.19
Las Vegas,USA,82751.08000000002
Strasbourg,France,80438.48
New Haven,USA,79472.07
Oslo,Norway,79224.23
Barcelona,Spain,78411.86000000002
Cowes,UK,78240.83999999998
Lule,Sweden,75754.88
Vancouver,Canada,75238.92
Bruxelles,Belgium,74972.52
Marseille,France,74936.14
Tsawassen,Canada,74634.84999999999
Montreal,Canada,74204.79
Toulouse,France,70488.44
Lille,France,69052.41
Osaka,Japan,67605.07
Glendale,USA,66423.77
Versailles,France,64834.32000000001
Glen Waverly,Australia,64591.46000000001
South Brisbane,Australia,59469.11999999999
Dublin,Ireland,57756.43
Sevilla,Spain,54723.62
Graz,Austria,52263.899999999994
Brisbane,USA,50218.51000000001
Burbank,USA,46084.63999999999
Munich,Germany,34993.92
Charleroi,Belgium,33440.1
