CUSTOMERNAME,TotalSales,TotalQuantity,OrderCount,Segment
Suominen Souveniers,113961.14999999997,1031,30,High Value
Amica Models & Co.,94117.26000000002,843,26,High Value
Collectables For Less Inc.,81577.98,795,24,High Value
CAF Imports,49642.05,468,13,High Value
giftsbymail.co.uk,78240.83999999998,895,26,High Value
Rovelli Gifts,137955.72000000003,1650,48,High Value
Lyon Souveniers,78570.34000000001,684,20,High Value
La Rochelle Gifts,180124.9,1832,53,High Value
L'ordine Souveniers,142601.33000000002,1280,39,High Value
Signal Collectibles Ltd.,50218.51000000001,514,15,High Value
Vitachrome Inc.,88041.26000000001,787,25,High Value
"Volvo Model Replicas, Co",75754.88,647,19,High Value
Daedalus Designs Imports,69052.41,699,20,High Value
Classic Legends Inc.,77795.2,720,20,High Value
Signal Gift Stores,82751.08000000002,929,29,High Value
"La Corne D'abondance, Co.",97203.68000000001,836,23,High Value
"Royal Canadian Collectables, Ltd.",74634.84999999999,873,26,High Value
Online Diecast Creations Co.,131685.30000000002,1248,34,High Value
Cruz & Sons Co.,94015.73,961,26,High Value
"Vida Sport, Ltd",117713.55999999998,1078,31,High Value
"Australian Gift Network, Co",59469.11999999999,545,15,High Value
"Stylish Desk Decors, Co.",88804.5,937,26,High Value
Motor Mint Distributors Inc.,83682.16,730,23,High Value
Auto Canal Petit,93170.65999999999,1001,27,High Value
"Toys of Finland, Co.",111250.37999999996,1051,30,High Value
Atelier graphique,24179.96,270,7,High Value
Reims Collectables,135042.94,1433,41,High Value
"AV Stores, Co.",157807.80999999997,1778,51,High Value
Toys4GrownUps.com,104561.95999999998,1060,30,High Value
Gift Ideas Corp.,57294.420000000006,666,19,High Value
"Saveley & Henriot, Co.",142874.25000000003,1428,41,High Value
Super Scale Inc.,79472.07,636,17,High Value
"Toms Spezialitten, Ltd",100306.58,936,26,High Value
Marseille Mini Autos,74936.14,804,25,High Value
"Australian Collectors, Co.",200995.40999999997,1926,55,High Value
"UK Collectables, Ltd.",118008.26999999999,1046,29,High Value
Technics Stores Inc.,120783.07,1179,34,High Value
"Bavarian Collectables Imports, Co.",34993.92,401,14,High Value
Canadian Gift Exchange Network,75238.92,703,22,High Value
FunGiftIdeas.com,98923.73000000003,903,26,High Value
"Norway Gifts By Mail, Co.",79224.23,787,24,High Value
The Sharp Gifts Warehouse,160010.26999999996,1656,40,High Value
Diecast Classics Inc.,122138.14000000001,1111,31,High Value
Mini Creations Ltd.,108951.13,1140,35,High Value
"Iberia Gift Imports, Corp.",54723.62,589,15,High Value
Gift Depot Inc.,101894.79000000001,903,25,High Value
"Blauer See Auto, Co.",85171.58999999998,811,22,High Value
Land of Toys Inc.,164069.44000000003,1631,49,High Value
Enaco Distributors,78411.86000000002,882,23,High Value
Online Mini Collectables,57197.95999999999,572,15,High Value
Gifts4AllAges.com,83209.88,933,26,High Value
Souveniers And Things Co.,151570.98000000004,1601,46,High Value
Petit Auto,74972.52,796,25,High Value
Handji Gifts& Co,115498.73000000001,1236,36,High Value
"Tokyo Collectables, Ltd",120562.73999999996,1150,32,High Value
Cambridge Collectables Co.,36163.619999999995,357,11,High Value
Microscale Inc.,33144.93000000001,381,10,High Value
Auto-Moto Classics Inc.,26479.260000000002,287,8,High Value
"Anna's Decorations, Ltd",153996.13000000003,1469,46,High Value
Alpha Cognac,70488.44,687,20,High Value
Tekni Collectables Inc.,83228.19,906,21,High Value
Mini Gifts Distributors Ltd.,654858.06,6366,180,High Value
Euro Shopping Channel,912294.1100000002,9327,259,High Value
"Corrida Auto Replicas, Ltd",120615.28,1163,32,High Value
Scandinavian Gift Ideas,134259.33000000002,1359,38,High Value
Boards & Toys Co.,9129.349999999999,102,3,Medium Value
"Double Decker Gift Stores, Ltd",36019.04,357,12,High Value
West Coast Collectables Co.,46084.63999999999,511,13,High Value
Auto Assoc. & Cie.,64834.32000000001,637,18,High Value
Salzburg Collectables,149798.63,1442,40,High Value
"Classic Gift Ideas, Inc",67506.96999999999,668,21,High Value
"Oulu Toy Supplies, Inc.",104370.38,1110,32,High Value
Danish Wholesale Imports,145041.6,1315,36,High Value
"Clover Collections, Co.",57756.43,490,16,High Value
Baane Mini Imports,116599.19,1082,32,High Value
Herkku Gifts,111640.28,973,29,High Value
Diecast Collectables,70859.78,695,18,High Value
Heintze Collectables,100595.54999999999,882,27,High Value
Quebec Home Shopping Network,74204.79,717,22,High Value
Mini Auto Werke,52263.899999999994,532,15,High Value
Marta's Replicas Co.,103080.37999999999,976,27,High Value
Muscle Machine Inc,197736.93999999997,1775,48,High Value
Royale Belge,33440.1,278,8,High Value
"Dragon Souveniers, Ltd.",172989.68000000008,1524,43,High Value
Collectable Mini Designs Co.,87489.22999999998,954,25,High Value
"Australian Collectables, Ltd",64591.46000000001,705,23,High Value
Osaka Souveniers Co.,67605.07,692,20,High Value
Mini Classics,85555.98999999998,929,26,High Value
Mini Caravy,80438.48,779,19,High Value
